[{"id":"202011","category":["mobile"],"title":"YINGTAI T11 мобильный телефон для пожилых,Лучшая функция,телефон для пожилых,2,2 дюймов,fm фонарь,скорость,DialSOS,большая кнопка,динамик,клавиатура с русским шрифтом,GSM","imgMin":"db/img-mini/mobile/YINGTAI-T11-Elder-Cellphone-Best-Feature-Senior-Phone-2-2-Inch-FM-Torch-Speed-DialSOS-Big.jpg_220x220xz.jpg","imgCart":"db/img-card/mobile/YINGTAI-T11.jpg","price":2082.56},{"id":"202012","category":["mobile"],"title":"Глобальная версия Xiaomi Mi 9T 128 Гб ROM 6 Гб RAM (абсолютно новая и герметичная коробка) mi9t 128 гб","imgMin":"db/img-mini/mobile/Global-Version-Xiaomi-Mi-9T-128GB-ROM-6GB-RAM-Brand-New-Official-mi9t-128GB.jpg_220x220xz.jpg","imgCart":"db/img-card/mobile/Xiaomi-Mi-9T-128-ROM-6-RAM.jpg","price":17674.91},{"id":"202013","category":["mobile"],"title":"ZLNHIV Гидрогелевая пленка для iphone 7,8 plus,6,6 S,защита экрана телефона для ihone x,xs,max,xr,Защитная мягкая,полное покрытие,не стекло","imgMin":"db/img-mini/mobile/ZLNHIV-hydrogel-film-for-iphone-7-8-plus-6-6s-phone-screen-protector-for-ihone-x.jpg_220x220xz.jpg","imgCart":"db/img-card/mobile/ZLNHIV-iphone-7-8-plus-6-6-S.jpg","price":87.75},{"id":"202014","category":["mobile"],"title":"Black Shark 2 PRO 256 Гб rom 12 Гб ram Shadow Black/Айсберг серый/Галф синий (абсолютно новый и запечатанный ящик) blackshark2pro Blackshark","imgMin":"db/img-mini/mobile/Black-Shark-2-PRO-256GB-ROM-12GB-RAM-Shadow-Black-Iceberg-Grey-Gulf-Blue-Brand-New.jpg_220x220xz.jpg","imgCart":"db/img-card/mobile/Black-Shark-2-PRO-256-rom-12-ram-Shadow-Black.jpg","price":40338.09},{"id":"202015","category":["mobile"],"title":"Udyr Quick Charge 4,0 3,0 USB зарядное устройство для iPhone 11 samsung S10 A50 huawei P30 Pro EU US 4 порта быстрое настенное зарядное устройство для мобильного телефона","imgMin":"db/img-mini/mobile/Udyr-Quick-Charge-4-0-3-0-USB-Charger-For-iPhone-11-Samsung-S10-A50-Huawei.jpg_220x220xz.jpg","imgCart":"db/img-card/mobile/Udyr-Quick-Charge-4-0-3-0-USB-iPhone-11.jpg","price":188.75},{"id":"202016","category":["mobile"],"title":"USB зарядная док-станция для huawei P20 Lite P30 Pro mate 20 pro 10 Nova 3 3i 3e 4 Honor 10 9,настольное зарядное устройство для синхронизации данных","imgMin":"db/img-mini/mobile/USB-Charging-Dock-Station-For-Huawei-P20-Lite-P30-Pro-Mate-20-pro-10-Nova-3.jpg_220x220xz.jpg","imgCart":"db/img-card/mobile/USB-huawei-P20-Lite-P30-Pro-mate-20-pro-10.jpg","price":236.1},{"id":"202017","category":["mobile","electron"],"title":"Blitzwolf BW-FYE7 TWS bluetooth 5.0 Наушники-вкладыши Бас Стерео Наушники двустороннего вызова True Wireless Наушники Лучшая музыкальная гарнитура Наушники Handsfree","imgMin":"db/img-mini/mobile/Dual-Dynamic-Driver-Blitzwolf-BW-FYE7-TWS-Bluetooth-V5-0-In-ear-Earphone-Bass-Stereo.jpg_220x220xz.jpg","imgCart":"db/img-card/mobile/Blitzwolf-BW-FYE7-TWS-bluetooth-5-0.jpg","price":2170.94},{"id":"202018","category":["mobile"],"title":"FeiyuTech Vimble 2s Смартфон Gimbal Ручной Стабилизатор с 180 мм удлинитель Штатив для iPhone 11 X Xs 8 7 XIAOMI samsung","imgMin":"db/img-mini/mobile/FeiyuTech-Vimble-2s-Smartphone-Gimbal-Handheld-Stabilizer-with-180mm-Extension-Pole-Tripod-for-iPhone-11-X.jpg_220x220xz.jpg","imgCart":"db/img-card/mobile/FeiyuTech-Vimble-2s-Gimbal-180.jpg","price":6880.84},{"id":"202021","category":["pc"],"title":"Оригинальный Xiaomi mi Ga mi ng ноутбук 2019 Windows 10 Intel Core i7-9750 H RTX 2060 16 Гб ОЗУ 512 ГБ SSD HD mi ноутбук ПК Bluetooth","imgMin":"db/img-mini/pc/Original-Xiaomi-Mi-Gaming-Laptop-2019-Windows-10-Intel-Core-i7-9750H-RTX-2060-16GB-RAM.jpg_220x220xz~1.jpg","imgCart":"db/img-card/pc/Xiaomi-mi-Ga-mi-ng-2019-Windows-10-Intel-Core.jpg","price":92997.92},{"id":"202022","category":["pc"],"title":"Оригинальный Xiaomi Mi ноутбук 15,6 \"Pro Enhanced i7-10510U 16GB ram 1 ТБ SSD 100% sRGB ультратонкий FHD экран MX250 компьютер","imgMin":"db/img-mini/pc/Original-Xiaomi-Mi-Laptop-Notebook-15-6-Pro-Enhanced-i7-10510U-16GB-RAM-1TB-SSD-100.jpg_220x220xz.jpg","imgCart":"db/img-card/pc/Xiaomi-Mi-15-6-Pro-Enhanced-i7-10510U-16GB-ram.jpg","price":85851.96},{"id":"202023","category":["pc"],"title":"Rakoon очень большой коврик для мыши большой компьютерный игровой коврик для мыши Противоскользящий натуральный каучук с запирающим краем игровой коврик для мыши","imgMin":"db/img-mini/pc/High-Quality-Locking-Edge-Gaming-Mouse-Pad-Gamer-Game-Mouse-pad-Anime-Mousepad-mat-Speed-Version.jpg_220x220xz.jpg","imgCart":"db/img-card/pc/Rakoon.jpg","price":503.76},{"id":"202024","category":["pc"],"title":"Bluetooth лазерная клавиатура беспроводная Виртуальная проекционная клавиатура портативная для Iphone Android смартфон Ipad планшет ПК ноутбук","imgMin":"db/img-mini/pc/Bluetooth-Laser-keyboard-Wireless-Virtual-Projection-keyboard-Portable-for-Iphone-Android-Smart-Phone-Ipad-Tablet-PC.jpg_220x220xz.jpg","imgCart":"db/img-card/pc/Bluetooth-Laser-keyboard-Wireless-Virtual-Projection-keyboard.jpg","price":1222.14},{"id":"202025","category":["pc"],"title":"Стимпанк Ретро игровая клавиатура русская/английская раскладка круглая клавиатура с подсветкой USB Проводная светящаяся металлическая панель Кристалл границы","imgMin":"db/img-mini/pc/Steampunk-Retro-Gaming-Keyboard-Russian-English-Layout-Round-Keycap-Backlit-USB-Wired-Glowing-Metal-Panel-Crystal.jpg_220x220xz.jpg","imgCart":"db/img-card/pc/Steampunk-Retro-Gaming-Keyboard-Russian-English.jpg","price":1040.97},{"id":"202026","category":["pc"],"title":"Yeston Radeon RX580 8G GDDR5 256bit PCI Express x16 3,0 игровой ПК видео Графическая карта для рабочего стола ужин DVI + HDMI + 3 * DP","imgMin":"db/img-mini/pc/Yeston-Radeon-RX580-8G-GDDR5-256bit-PCI-Express-x16-3-0-gaming-PC-video-graphics-card.jpg_220x220xz.jpg","imgCart":"db/img-card/pc/Yeston-Radeon-RX580-8G-GDDR5-256bit-PCI-Express-x16-3-0.jpg","price":22935.27},{"id":"202027","category":["pc"],"title":"Красочная игровая видеокарта iGame GTX1060 U-3G 1556-1771 МГц/8008 МГц ie2m5 GDDR5X 19Feb13","imgMin":"db/img-mini/pc/Colorful-iGame-GTX1060-U-3G-Gaming-Video-Graphics-Card-1556-1771MHz-8008MHz-I2M5-GDDR5X-19Feb13.jpg_220x220xz.jpg","imgCart":"db/img-card/pc/iGame-GTX1060-U-3G-1556-1771-8008.jpg","price":19602.8},{"id":"202028","category":["pc"],"title":"Gloway оперативная память 16 ГБ DDR4 1,2 в 288pin 2666 МГц для рабочего стола пожизненная гарантия поддержка XMP ram ddr4 8 Гб 16 Гб 2666 МГц","imgMin":"db/img-mini/pc/Gloway-ram-8GB-DDR4-1-2V-288pin-2666MHZ-3000mhz-for-desktop-lifetime-warranty-support-XMP-ram.jpg_220x220xz.jpg","imgCart":"db/img-card/pc/Gloway-16-DDR4-1-2-288pin-2666.jpg","price":3724.49},{"id":"202031","category":["electron"],"title":"X2 Android 7,1 Led 1080P Hdmi-In проектор беспроводной Bluetooth 2,4G/5G мини-проектор c WiFi","imgMin":"db/img-mini/electron/X2-Android-7-1-Led-1080P-Hdmi-In-Projector-Wireless-Bluetooth-2-4G-5G-Wifi-Mini.jpg_220x220xz.jpg","imgCart":"db/img-card/electron/X2-Android-7-1-Led-1080P-Hdmi-In-Bluetooth-2-4G.jpg","price":11885.54},{"id":"202032","category":["electron"],"title":"Складной 16:9 проектор 120 дюймов белый проекционный экран окантовка проектор экран ТВ домашний аудио-визуальный экран","imgMin":"db/img-mini/electron/Foldable-16-9-Projector-60-72-84-100-120-150-inch-White-Projection-Screen-edging-projector.jpg_220x220xz.jpg","imgCart":"db/img-card/electron/Foldable-16-9-Projector-120inch-White-Projection-Screen-edging-projector.jpg","price":965.22},{"id":"202033","category":["electron"],"title":"Телевизор 22 дюйм LED TV 12V+220V цифровые телевизор full hd dvb-T2 Домашние +Автомобильные телевизор 22 inch tv","imgMin":"db/img-mini/electron/TV-22-inch-LED-TV-12V-220V-Digital-Full-HD-TV-dvb-T2-Home-Car-TV.jpg_220x220xz.jpg","imgCart":"db/img-card/electron/22-LED-TV-12V-220V-full-hd-dvb.jpg","price":4829.21},{"id":"202034","category":["electron"],"title":"43 \"узкая рамка Встроенный аудио Full HD светодиодный ЖК-Телевизор с плоской панелью","imgMin":"db/img-mini/electron/43-narrow-frame-built-in-audio-Full-HD-LED-LCD-flat-panel-TV.jpg_220x220xz.jpg","imgCart":"db/img-card/electron/43-narrow-frame-built-in-audio-Full.jpg","price":32743.93},{"id":"202035","category":["electron"],"title":"Смарт-часы SCOMAS для женщин 2019 IP67 Водонепроницаемый мониторинг сердечного ритма Bluetooth для Android IOS фитнес-браслет женские умные часы","imgMin":"db/img-mini/electron/SCOMAS-Smart-Watch-Women-2019-IP67-Waterproof-Heart-Rate-Monitoring-Bluetooth-For-Android-IOS-Fitness-Bracelet.jpg_220x220xz.jpg","imgCart":"db/img-card/electron/SCOMAS-Smart-Watch-Women-2019-IP67-Waterproof-Heart.jpg","price":2047.84},{"id":"202036","category":["electron"],"title":"Lonsonho 2 шт. E27 Wifi умный светильник светодиодный лампочка RGB + W + C 9 Вт 900lm туя умная жизнь приложение таймер диммер Alexa Google Home","imgMin":"db/img-mini/electron/Lonsonho-2PCS-E27-Wifi-Smart-Light-LED-Bulb-Lamp-RGB-W-C-9W-900lm-Tuya-Smart.jpg_220x220xz.jpg","imgCart":"db/img-card/electron/Lonsonho-2PCS-E27-Wifi-Smart-Light-LED.jpg","price":1198.78},{"id":"202041","category":["home"],"title":"KBAYBO водонагреватель кран кухонный кран Мгновенный водонагреватель Душ мгновенные нагреватели проточный водонагреватель кран ЕС вилка","imgMin":"db/img-mini/home/KBAYBO-Water-Heater-Tap-Kitchen-Faucet-Instantaneous-Water-Heater-Shower-Instant-Heaters-Tankless-Water-Heating-tap.jpg_220x220xz.jpg","imgCart":"db/img-card/home/KBAYBO-Water-Heater-Tap-Kitchen.jpg","price":1323.78},{"id":"202042","category":["home"],"title":"Бытовой пищевой вакуумный упаковщик упаковочная машина с 10 шт мешками бесплатно 220 В 110 В автоматический коммерческий лучший вакуумный упаковщик еды мини","imgMin":"db/img-mini/home/Household-Food-Vacuum-Sealer-Packaging-Machine-With-10pcs-Bags-Free-220V-110V-Automatic-Commercial-Best-Vacuum.jpg_220x220xz.jpg","imgCart":"db/img-card/home/Household-Food-Vacuum-Sealer-Packaging-Machine.jpg","price":1631.2},{"id":"202043","category":["home"],"title":"CUKYI итальянская эспрессо-кофемашина 20 бар,Паровая Полуавтоматическая кофеварка высокого давления,молочные пузырьки,кофемашины с вилкой ЕС и США","imgMin":"db/img-mini/home/CUKYI-Italy-espresso-coffee-machine-20-BAR-High-Pressure-Steam-semi-automatic-coffee-maker-Milk-Bubble.jpg_220x220xz.jpg","imgCart":"db/img-card/home/CUKYI-Italy-espresso-coffee-machine-20-BAR.jpg","price":5049.53},{"id":"202044","category":["home"],"title":"6L антипригарная многофункциональная интеллектуальная электрическая автоматическая кухонная машина,кухонная кастрюля,электромагнитный ВОК,китайские английские ключи","imgMin":"db/img-mini/home/6L-Non-Stick-Multifunction-Intelligent-Electric-Automatic-Cooking-Machine-Cooking-Pot-Electromagnetic-Wok-Chinese-English-keys.jpg_220x220xz.jpg","imgCart":"db/img-card/home/Kettle-Intelligent-VIOMI-Pro-Thermostat-Anti-scald-Water-Kettle.jpg","price":43178.8},{"id":"202045","category":["home"],"title":"11 чайник умный VIOMI Pro термостат анти-ожога воды чайник бытовой 304 л нержавеющая сталь Электрический чайник 1800 Вт","imgMin":"db/img-mini/home/11-Kettle-Intelligent-VIOMI-Pro-Thermostat-Anti-scald-Water-Kettle-Household-1-5L-304-Stainless-Steel.jpg_220x220xz.jpg","imgCart":"db/img-card/home/Kettle-Intelligent-VIOMI-Pro-Thermostat-Anti-scald-Water-Kettle.jpg","price":3401.28},{"id":"202046","category":["home"],"title":"TINTON LIFE VC812 Портативный 2 в 1 ручной беспроводной пылесос циклонный фильтр 8900Pa сильный всасывающий пылесборник аспиратор","imgMin":"db/img-mini/home/TINTON-LIFE-VC812-Portable-2-In-1-Handheld-Wireless-Vacuum-Cleaner-Cyclone-Filter-8900Pa-Strong-Suction.jpg_220x220xz.jpg","imgCart":"db/img-card/home/TINTON-LIFE-VC812-Portable-2-In-1-Handheld-Wireless-Vacuum-Cleaner.jpg","price":4418.26},{"id":"202047","category":["home"],"title":"400 мл светодиодный светильник воздуха ультразвуковой увлажнитель воздуха для дома эфирных масел,аэрозольный распылитель освежителя воздуха туман,тем самым позволяя зернам раскрыться светодиодный ночной Светильник","imgMin":"db/img-mini/home/400ml-LED-Lamp-Air-Ultrasonic-Humidifier-for-Home-Essential-Oil-Diffuser-Atomizer-Air-Freshener-Mist-Maker.jpg_220x220xz.jpg","imgCart":"db/img-card/home/400ml-LED-Lamp-Air-Ultrasonic-Humidifier.jpg","price":506.28},{"id":"202048","category":["home"],"title":"1 шт. ручная подвесная машина,Мини Портативная Паровая щетка,ткань для стирки,щетка от морщин,паровой утюг,паровой Утюг","imgMin":"db/img-mini/home/1PCS-Hand-held-Hanging-Machine-Mini-Portable-Steam-Brush-Fabric-Laundry-Cloth-Wrinkle-Brush-Steamer-Electric.jpg_220x220xz.jpg","imgCart":"db/img-card/home/Potty-Putter-Toilet-Golf-Game-Mini-Golf-Set-Toilet-Golf.jpg","price":964.58},{"id":"202051","category":["sport","electron"],"title":"Usb type C наушники стерео ушные крючки Спортивная гарнитура тип-c наушники с микрофоном для Letv Xiaomi Oneplus Nokia samsung LG","imgMin":"db/img-mini/sport/USB-Type-C-Earphone-Stereo-Ear-Hook-Sports-Headset-Type-C-Earpieces-Headphone-with-Mic-for.jpg_220x220xz.jpg","imgCart":"db/img-card/sport/USB-Type-C-Earphone-Stereo-Ear-Hook-Sports.jpg","price":202.64},{"id":"202052","category":["sport"],"title":"CUESOUL Профессиональный Арчер 20/23/26 грамм Сталь наконечником стрелы-черное покрытие латунные бочки","imgMin":"db/img-mini/sport/CUESOUL-Archer-23-Grams-Steel-Tip-Darts-Black-Coating-Brass-Barrels.jpg_220x220xz.jpg","imgCart":"db/img-card/sport/CUESOUL-Archer-23-Grams-Steel-Tip-Darts.jpg","price":568.15},{"id":"202053","category":["sport"],"title":"Горшок шпаттер Туалет Гольф игровой комплект для мини-гольфа Туалет Гольф класть Зеленый Новинка игра Hig качество для мужчин и женщин розыгрыши","imgMin":"db/img-mini/sport/Potty-Putter-Toilet-Golf-Game-Mini-Golf-Set-Toilet-Golf-Putting-Green-Novelty-Game-Hig-Quality.jpg_220x220xz.jpg","imgCart":"db/img-card/sport/Potty-Putter-Toilet-Golf-Game-Mini-Golf.jpg","price":271.45},{"id":"202054","category":["sport"],"title":"1 шт. качественный хлопковый спортивный напульсник унисекс повязка на голову для бега баскетбольная лента для волос при занятиях йогой эластичная повязка на голову спортивная безопасность","imgMin":"db/img-mini/sport/1Piece-Quality-Cotton-Sweatband-Sports-Unisex-Sweat-Headband-Runnning-Basketball-Yoga-Hair-Band-Elastic-Head-Band.jpg_220x220xz.jpg","imgCart":"db/img-card/sport/Potty-Putter-Toilet-Golf-Game-Mini-Golf.jpg","price":62.5},{"id":"202055","category":["sport"],"title":"Надувной фламинго,плавательный поплавок,розовый поплавок,кольцо для плавания для взрослых и детей,игрушки для праздников и вечеринок,Piscina 150 см","imgMin":"db/img-mini/sport/60-Inch-Giant-Inflatable-Flamingo-Pool-Float-Pink-Ride-On-Swimming-Ring-Adults-Children-Water-Holiday.jpg_220x220xz.jpg","imgCart":"db/img-card/sport/Giant-Inflatable-Flamingo-Pool-Float-Pink-Ride-On-Swimming-Ring-Adults-Children-Water-Holiday.jpg","price":1286.53},{"id":"202056","category":["sport"],"title":"Регулируемый Корректор осанки позвоночника поддержка спины и плеч Корректор бандаж коррекция Горбатой облегчение боли предотвращает сутуляцию","imgMin":"db/img-mini/sport/Adjustable-Posture-Corrector-Spine-Back-Shoulder-Support-Corrector-Band-Brace-Correction-Humpback-Pain-Relief-Prevents-Slouching.jpg_220x220xz.jpg","imgCart":"db/img-card/sport/Corrector-Spine-Back-Shoulder-Support.jpg","price":291.02},{"id":"202057","category":["sport"],"title":"YUEDGE Новые противоскользящие футбольные носки мужские спортивные уличные хлопковые велосипедные носки","imgMin":"db/img-mini/sport/YUEDGE-New-Anti-Slip-Football-Socks-Men-Sport-Outdoor-Cotton-Cycling-Socks-Bike-Socks.jpg_220x220xz.jpg","imgCart":"db/img-card/sport/YUEDGE-New-Anti-Slip-Football-Socks-Men.jpg","price":237.99},{"id":"202058","category":["sport"],"title":"24K золотые игральные карты,колода для игры в покер,Золотая фольга,набор для покера,пластиковые волшебные карты,водостойкие карты,волшебные","imgMin":"db/img-mini/sport/24K-Gold-Playing-Cards-Poker-Game-Deck-Gold-Foil-Poker-Set-Plastic-Magic-Card-Waterproof-Cards.jpg_220x220xz.jpg","imgCart":"db/img-card/sport/24K-Gold-Playing-Cards-Poker-Game-Deck.jpg","price":183.07}]